Variable,Coefficient,Lower_CI_95,Upper_CI_95,P_Value
Eff_Ex_Rate,0,0,0,1
Uncertainty,-0.000765868,-0.00321011,0.000566815,0.445622523
price_comp,0,0,0,1
Prod_Vol,0,0,0,1
Unemp,0,0,0,1
Total Reserves,-4.99E-05,0,0,0.926766487
Imports,-5.31E-06,0,0,0.98286175
Exports,1.96E-06,0,0,0.988124569
Retail,0,0,0,1
^GDAXI,-0.000424894,-0.005152878,0,0.76837343
CPI,0,0,0,1
Manuf,0.007075759,0.004174116,0.01029953,2.92E-05